{
  "AWSTemplateFormatVersion": "2010-09-09",
  "Description": "Lambda layer resource stack creation using Amplify CLI",
  "Parameters": {
    "env": {
      "Type": "String"
    },
    "deploymentBucketName": {
      "Type": "String"
    },
    "s3Key": {
      "Type": "String"
    },
    "description": {
      "Type": "String",
      "Default": ""
    },
    "runtimes": {
      "Type": "List<String>"
    }
  },
  "Resources": {
    "LambdaLayerVersion8974406d": {
      "Type": "AWS::Lambda::LayerVersion",
      "Properties": {
        "CompatibleRuntimes": {
          "Ref": "runtimes"
        },
        "Content": {
          "S3Bucket": {
            "Ref": "deploymentBucketName"
          },
          "S3Key": {
            "Ref": "s3Key"
          }
        },
        "Description": {
          "Ref": "description"
        },
        "LayerName": {
          "Fn::Sub": [
            "bpbadmin2testFetchLayer-${env}",
            {
              "env": {
                "Ref": "env"
              }
            }
          ]
        }
      },
      "DeletionPolicy": "Delete",
      "UpdateReplacePolicy": "Retain"
    },
    "LambdaLayerPermissionPrivate8974406d": {
      "Type": "AWS::Lambda::LayerVersionPermission",
      "Properties": {
        "Action": "lambda:GetLayerVersion",
        "LayerVersionArn": {
          "Ref": "LambdaLayerVersion8974406d"
        },
        "Principal": {
          "Ref": "AWS::AccountId"
        }
      }
    },
    "LambdaLayerVersion4a15bdc8": {
      "Type": "AWS::Lambda::LayerVersion",
      "Properties": {
        "CompatibleRuntimes": [
          "nodejs14.x"
        ],
        "Content": {
          "S3Bucket": {
            "Ref": "deploymentBucketName"
          },
          "S3Key": "amplify-builds/bpbadmin2testFetchLayer-LambdaLayerVersion4a15bdc8-build.zip"
        },
        "Description": "Updated layer version 2023-02-09T17:13:14.745Z",
        "LayerName": {
          "Fn::Sub": [
            "bpbadmin2testFetchLayer-${env}",
            {
              "env": {
                "Ref": "env"
              }
            }
          ]
        }
      },
      "DeletionPolicy": "Delete",
      "UpdateReplacePolicy": "Retain"
    },
    "LambdaLayerPermissionPrivate4a15bdc8": {
      "Type": "AWS::Lambda::LayerVersionPermission",
      "Properties": {
        "Action": "lambda:GetLayerVersion",
        "LayerVersionArn": "arn:aws:lambda:us-east-2:191477602114:layer:bpbadmin2testFetchLayer-devtwo:3",
        "Principal": {
          "Ref": "AWS::AccountId"
        }
      }
    },
    "LambdaLayerVersion78b5331d": {
      "Type": "AWS::Lambda::LayerVersion",
      "Properties": {
        "CompatibleRuntimes": [
          "nodejs14.x"
        ],
        "Content": {
          "S3Bucket": {
            "Ref": "deploymentBucketName"
          },
          "S3Key": "amplify-builds/bpbadmin2testFetchLayer-LambdaLayerVersion78b5331d-build.zip"
        },
        "Description": "Updated layer version 2023-02-01T19:53:27.624Z",
        "LayerName": {
          "Fn::Sub": [
            "bpbadmin2testFetchLayer-${env}",
            {
              "env": {
                "Ref": "env"
              }
            }
          ]
        }
      },
      "DeletionPolicy": "Delete",
      "UpdateReplacePolicy": "Retain"
    },
    "LambdaLayerPermissionPrivate78b5331d": {
      "Type": "AWS::Lambda::LayerVersionPermission",
      "Properties": {
        "Action": "lambda:GetLayerVersion",
        "LayerVersionArn": "arn:aws:lambda:us-east-2:191477602114:layer:bpbadmin2testFetchLayer-devtwo:2",
        "Principal": {
          "Ref": "AWS::AccountId"
        }
      }
    }
  },
  "Outputs": {
    "Arn": {
      "Value": {
        "Ref": "LambdaLayerVersion8974406d"
      }
    }
  }
}