{
  "AWSTemplateFormatVersion": "2010-09-09",
  "Description": "Lambda layer resource stack creation using Amplify CLI",
  "Parameters": {
    "env": {
      "Type": "String"
    },
    "deploymentBucketName": {
      "Type": "String"
    },
    "s3Key": {
      "Type": "String"
    },
    "description": {
      "Type": "String",
      "Default": ""
    },
    "runtimes": {
      "Type": "List<String>"
    }
  },
  "Resources": {
    "LambdaLayerVersione53e2e3b": {
      "Type": "AWS::Lambda::LayerVersion",
      "Properties": {
        "CompatibleRuntimes": {
          "Ref": "runtimes"
        },
        "Content": {
          "S3Bucket": {
            "Ref": "deploymentBucketName"
          },
          "S3Key": {
            "Ref": "s3Key"
          }
        },
        "Description": {
          "Ref": "description"
        },
        "LayerName": {
          "Fn::Sub": [
            "bpbadmin2SDKLayer-${env}",
            {
              "env": {
                "Ref": "env"
              }
            }
          ]
        }
      },
      "DeletionPolicy": "Delete",
      "UpdateReplacePolicy": "Retain"
    },
    "LambdaLayerPermissionPrivatee53e2e3b": {
      "Type": "AWS::Lambda::LayerVersionPermission",
      "Properties": {
        "Action": "lambda:GetLayerVersion",
        "LayerVersionArn": {
          "Ref": "LambdaLayerVersione53e2e3b"
        },
        "Principal": {
          "Ref": "AWS::AccountId"
        }
      }
    }
  },
  "Outputs": {
    "Arn": {
      "Value": {
        "Ref": "LambdaLayerVersione53e2e3b"
      }
    }
  }
}